Session Information:,,,,Device Information:,,,,Oarlock Information:,,,,Oarlock Settings:

Name:,JustGo-2339M,,,Name:,Vanilla Wakana,,,Firmware:,---,,,Boat ID:,---
Start Time:,05/25/25 08:51Œß‘O,,,Model:,SpeedCoach GPS Pro,,,,,,,Seat Number:,---
Type:,Just Go,,,Serial:,2981163,,,,,,,Port Starboard:,---
System of Units:,Meters/Split500,,,Firmware Version:,2.24,,,,,,,Oar Length:,---
Speed Input:,GPS,,,Profile Version:,0.03,,,,,,,Inboard Length:,---
,,,,Hardware Version:,Rev 12B
,,,,LiNK Version:,1.32


Session Summary:

Total Intervals,Total Distance (GPS),Total Distance (IMP),Total Elapsed Time,Avg Split (GPS),Avg Speed (GPS),Avg Split (IMP),Avg Speed (IMP),Avg Stroke Rate,Total Strokes,Distance/Stroke (GPS),Distance/Stroke (IMP),Avg Heart Rate,Avg Power,Avg Catch,Avg Slip,Avg Finish,Avg Wash,Avg Force Avg,Avg Work,Avg Force Max,Avg Max Force Angle,Start GPS Lat.,Start GPS Lon.
(Interval),(Meters),(Meters),(HH:MM:SS.tenths),(/500),(M/S),(/500),(M/S),(SPM),(Strokes),(Meters),(Meters),(BPM),(Watts),(Degrees),(Degrees),(Degrees),(Degrees),(Newtons),(Joules),(Newtons),(Degrees),(Degrees),(Degrees)
1,2339.6,0.0,00:18:42.3,00:04:00.3,2.08,00:00:00.0,0.00,27.0,341,6.9,0.0,---,---,---,---,---,---,---,---,---,---,32.77053790,130.75253330


Interval Summaries:

Interval,Total Distance (GPS),Total Distance (IMP),Total Elapsed Time,Avg Split (GPS),Avg Speed (GPS),Avg Split (IMP),Avg Speed (IMP),Avg Stroke Rate,Total Strokes,Distance/Stroke (GPS),Distance/Stroke (IMP),Avg Heart Rate,Avg Power,Avg Catch,Avg Slip,Avg Finish,Avg Wash,Avg Force Avg,Avg Work,Avg Force Max,Avg Max Force Angle,Start GPS Lat.,Start GPS Lon.
(Interval),(Meters),(Meters),(HH:MM:SS.tenths),(/500),(M/S),(/500),(M/S),(SPM),(Strokes),(Meters),(Meters),(BPM),(Watts),(Degrees),(Degrees),(Degrees),(Degrees),(Newtons),(Joules),(Newtons),(Degrees),(Degrees),(Degrees)
1,2339.6,0.0,00:18:42.3,00:04:00.3,2.08,00:00:00.0,0.00,27.0,341,6.9,0.0,---,---,---,---,---,---,---,---,---,---,32.77053790,130.75253330



Per-Stroke Data:

Interval,Distance (GPS),Distance (IMP),Elapsed Time,Split (GPS),Speed (GPS),Split (IMP),Speed (IMP),Stroke Rate,Total Strokes,Distance/Stroke (GPS),Distance/Stroke (IMP),Heart Rate,Power,Catch,Slip,Finish,Wash,Force Avg,Work,Force Max,Max Force Angle,GPS Lat.,GPS Lon.
(Interval),(Meters),(Meters),(HH:MM:SS.tenths),(/500),(M/S),(/500),(M/S),(SPM),(Strokes),(Meters),(Meters),(BPM),(Watts),(Degrees),(Degrees),(Degrees),(Degrees),(Newtons),(Joules),(Newtons),(Degrees),(Degrees),(Degrees)
1,0.0,0.0,00:00:07.1,00:00:00.0,0.00,00:00:00.0,0.00,8.5,1,0.0,0.0,---,---,---,---,---,---,---,---,---,---,32.77053790,130.75253330
1,4.5,0.0,00:00:11.3,00:00:00.0,0.00,00:00:00.0,0.00,14.0,2,4.5,0.0,---,---,---,---,---,---,---,---,---,---,32.77053420,130.75249640
1,8.7,0.0,00:00:14.4,00:00:00.0,0.00,00:00:00.0,0.00,19.5,3,4.2,0.0,---,---,---,---,---,---,---,---,---,---,32.77050640,130.75245350
1,49.2,0.0,00:00:17.3,00:00:00.0,0.00,00:00:00.0,0.00,23.0,4,40.4,0.0,---,---,---,---,---,---,---,---,---,---,32.77051760,130.75201690
1,57.7,0.0,00:00:20.3,00:00:00.0,0.00,00:00:00.0,0.00,19.0,5,8.6,0.0,---,---,---,---,---,---,---,---,---,---,32.77048350,130.75193660
1,63.7,0.0,00:00:23.3,00:07:07.3,1.17,00:00:00.0,0.00,20.5,6,6.0,0.0,---,---,---,---,---,---,---,---,---,---,32.77193930,130.75182820
1,71.1,0.0,00:00:26.2,00:03:13.7,2.58,00:00:00.0,0.00,20.0,7,7.4,0.0,---,---,---,---,---,---,---,---,---,---,32.77193590,130.75174970
1,97.4,0.0,00:00:29.1,00:02:51.2,2.92,00:00:00.0,0.00,21.0,8,26.3,0.0,---,---,---,---,---,---,---,---,---,---,32.77196850,130.75147120
1,109.1,0.0,00:00:32.1,00:02:40.7,3.11,00:00:00.0,0.00,22.0,9,11.7,0.0,---,---,---,---,---,---,---,---,---,---,32.77196980,130.75134580
1,118.2,0.0,00:00:34.4,00:02:35.2,3.22,00:00:00.0,0.00,22.0,10,9.1,0.0,---,---,---,---,---,---,---,---,---,---,32.77195980,130.75124960
1,132.3,0.0,00:00:39.5,00:02:42.3,3.08,00:00:00.0,0.00,13.0,11,14.1,0.0,---,---,---,---,---,---,---,---,---,---,32.77194660,130.75109980
1,138.3,0.0,00:00:42.1,00:03:16.8,2.54,00:00:00.0,0.00,20.0,12,6.0,0.0,---,---,---,---,---,---,---,---,---,---,32.77194940,130.75103550
1,146.2,0.0,00:00:45.1,00:03:39.2,2.28,00:00:00.0,0.00,20.5,13,7.8,0.0,---,---,---,---,---,---,---,---,---,---,32.77195430,130.75095200
1,155.3,0.0,00:00:48.3,00:03:16.0,2.55,00:00:00.0,0.00,20.0,14,9.1,0.0,---,---,---,---,---,---,---,---,---,---,32.77196080,130.75085480
1,164.1,0.0,00:00:51.1,00:02:56.6,2.83,00:00:00.0,0.00,21.0,15,8.8,0.0,---,---,---,---,---,---,---,---,---,---,32.77196860,130.75076090
1,172.4,0.0,00:00:53.7,00:02:45.0,3.03,00:00:00.0,0.00,23.0,16,8.3,0.0,---,---,---,---,---,---,---,---,---,---,32.77197570,130.75067260
1,187.2,0.0,00:00:59.2,00:02:48.3,2.97,00:00:00.0,0.00,11.0,17,14.8,0.0,---,---,---,---,---,---,---,---,---,---,32.77198440,130.75051470
1,193.6,0.0,00:01:02.1,00:03:18.4,2.52,00:00:00.0,0.00,21.5,18,6.4,0.0,---,---,---,---,---,---,---,---,---,---,32.77199550,130.75044740
1,200.8,0.0,00:01:04.7,00:03:38.3,2.29,00:00:00.0,0.00,21.0,19,7.2,0.0,---,---,---,---,---,---,---,---,---,---,32.77201300,130.75037380
1,209.4,0.0,00:01:07.7,00:03:14.5,2.57,00:00:00.0,0.00,20.0,20,8.6,0.0,---,---,---,---,---,---,---,---,---,---,32.77203680,130.75028670
1,224.1,0.0,00:01:14.1,00:03:12.3,2.60,00:00:00.0,0.00,9.5,21,14.8,0.0,---,---,---,---,---,---,---,---,---,---,32.77208870,130.75014160
1,229.9,0.0,00:01:16.3,00:03:50.4,2.17,00:00:00.0,0.00,36.0,22,5.8,0.0,---,---,---,---,---,---,---,---,---,---,32.77210990,130.75008490
1,231.4,0.0,00:01:17.1,00:03:39.2,2.28,00:00:00.0,0.00,36.0,23,1.4,0.0,---,---,---,---,---,---,---,---,---,---,32.77211490,130.75007070
1,239.2,0.0,00:01:20.1,00:03:08.6,2.65,00:00:00.0,0.00,22.0,24,7.8,0.0,---,---,---,---,---,---,---,---,---,---,32.77214270,130.74999400
1,247.6,0.0,00:01:23.1,00:03:01.1,2.76,00:00:00.0,0.00,21.0,25,8.4,0.0,---,---,---,---,---,---,---,---,---,---,32.77217110,130.74991060
1,258.3,0.0,00:01:26.7,00:02:54.8,2.86,00:00:00.0,0.00,15.5,26,10.7,0.0,---,---,---,---,---,---,---,---,---,---,32.77220750,130.74980450
1,264.6,0.0,00:01:29.5,00:03:14.5,2.57,00:00:00.0,0.00,20.5,27,6.3,0.0,---,---,---,---,---,---,---,---,---,---,32.77223180,130.74974430
1,269.8,0.0,00:01:32.1,00:03:55.8,2.12,00:00:00.0,0.00,32.5,28,5.2,0.0,---,---,---,---,---,---,---,---,---,---,32.77225220,130.74969400
1,271.6,0.0,00:01:32.7,00:03:48.3,2.19,00:00:00.0,0.00,47.0,29,1.8,0.0,---,---,---,---,---,---,---,---,---,---,32.77225910,130.74967730
1,279.0,0.0,00:01:35.9,00:03:32.7,2.35,00:00:00.0,0.00,18.5,30,7.5,0.0,---,---,---,---,---,---,---,---,---,---,32.77228950,130.74960610
1,285.9,0.0,00:01:38.9,00:03:39.2,2.28,00:00:00.0,0.00,20.5,31,6.9,0.0,---,---,---,---,---,---,---,---,---,---,32.77231990,130.74954220
1,294.0,0.0,00:01:41.9,00:03:27.4,2.41,00:00:00.0,0.00,20.0,32,8.1,0.0,---,---,---,---,---,---,---,---,---,---,32.77235680,130.74946810
1,301.8,0.0,00:01:44.7,00:03:07.9,2.66,00:00:00.0,0.00,21.0,33,7.9,0.0,---,---,---,---,---,---,---,---,---,---,32.77239100,130.74939440
1,323.1,0.0,00:01:53.9,00:03:34.5,2.33,00:00:00.0,0.00,41.0,34,21.2,0.0,---,---,---,---,---,---,---,---,---,---,32.77248450,130.74917610
1,330.1,0.0,00:01:58.2,00:04:52.3,1.71,00:00:00.0,0.00,16.5,35,7.0,0.0,---,---,---,---,---,---,---,---,---,---,32.77250890,130.74910690
1,339.2,0.0,00:02:07.2,00:10:32.9,0.79,00:00:00.0,0.00,31.5,36,9.1,0.0,---,---,---,---,---,---,---,---,---,---,32.77257770,130.74890480
1,339.9,0.0,00:02:08.5,00:15:43.3,0.53,00:00:00.0,0.00,10.0,37,0.7,0.0,---,---,---,---,---,---,---,---,---,---,32.77257870,130.74889750
1,343.9,0.0,00:02:11.1,00:10:57.8,0.76,00:00:00.0,0.00,29.0,38,4.0,0.0,---,---,---,---,---,---,---,---,---,---,32.77258360,130.74885470
1,345.4,0.0,00:02:11.8,00:05:54.6,1.41,00:00:00.0,0.00,37.5,39,1.5,0.0,---,---,---,---,---,---,---,---,---,---,32.77258570,130.74883920
1,351.2,0.0,00:02:14.5,00:04:15.1,1.96,00:00:00.0,0.00,31.5,40,5.8,0.0,---,---,---,---,---,---,---,---,---,---,32.77259440,130.74877860
1,352.7,0.0,00:02:14.9,00:03:28.3,2.40,00:00:00.0,0.00,50.0,41,1.5,0.0,---,---,---,---,---,---,---,---,---,---,32.77259660,130.74876290
1,367.0,0.0,00:02:21.9,00:03:20.0,2.50,00:00:00.0,0.00,9.5,42,14.3,0.0,---,---,---,---,---,---,---,---,---,---,32.77261400,130.74861140
1,372.8,0.0,00:02:25.0,00:04:20.4,1.92,00:00:00.0,0.00,23.0,43,5.9,0.0,---,---,---,---,---,---,---,---,---,---,32.77261840,130.74854900
1,383.4,0.0,00:02:34.6,00:07:00.1,1.19,00:00:00.0,0.00,21.5,44,10.6,0.0,---,---,---,---,---,---,---,---,---,---,32.77260640,130.74834730
1,386.3,0.0,00:02:37.4,00:10:02.4,0.83,00:00:00.0,0.00,22.0,45,2.9,0.0,---,---,---,---,---,---,---,---,---,---,32.77259410,130.74832030
1,395.2,0.0,00:02:46.6,00:15:25.9,0.54,00:00:00.0,0.00,37.0,46,8.9,0.0,---,---,---,---,---,---,---,---,---,---,32.77248170,130.74832530
1,396.6,0.0,00:02:48.0,00:08:57.6,0.93,00:00:00.0,0.00,36.0,47,1.4,0.0,---,---,---,---,---,---,---,---,---,---,32.77247110,130.74833350
1,400.7,0.0,00:02:50.4,00:07:14.7,1.15,00:00:00.0,0.00,37.5,48,4.1,0.0,---,---,---,---,---,---,---,---,---,---,32.77243810,130.74835310
1,404.6,0.0,00:02:52.2,00:05:03.0,1.65,00:00:00.0,0.00,25.0,49,3.9,0.0,---,---,---,---,---,---,---,---,---,---,32.77240570,130.74837000
1,408.3,0.0,00:02:53.8,00:03:51.4,2.16,00:00:00.0,0.00,32.5,50,3.7,0.0,---,---,---,---,---,---,---,---,---,---,32.77237540,130.74838650
1,412.5,0.0,00:02:55.6,00:03:39.2,2.28,00:00:00.0,0.00,36.0,51,4.1,0.0,---,---,---,---,---,---,---,---,---,---,32.77234160,130.74840490
1,415.7,0.0,00:02:57.0,00:03:38.3,2.29,00:00:00.0,0.00,37.5,52,3.2,0.0,---,---,---,---,---,---,---,---,---,---,32.77231580,130.74842010
1,420.1,0.0,00:02:58.8,00:03:36.4,2.31,00:00:00.0,0.00,36.0,53,4.4,0.0,---,---,---,---,---,---,---,---,---,---,32.77228140,130.74844240
1,423.6,0.0,00:03:00.5,00:03:30.0,2.38,00:00:00.0,0.00,37.5,54,3.5,0.0,---,---,---,---,---,---,---,---,---,---,32.77225400,130.74846090
1,428.1,0.0,00:03:02.0,00:03:23.2,2.46,00:00:00.0,0.00,37.5,55,4.6,0.0,---,---,---,---,---,---,---,---,---,---,32.77221860,130.74848580
1,431.4,0.0,00:03:03.5,00:03:16.8,2.54,00:00:00.0,0.00,40.0,56,3.2,0.0,---,---,---,---,---,---,---,---,---,---,32.77219380,130.74850380
1,436.1,0.0,00:03:05.1,00:03:10.8,2.62,00:00:00.0,0.00,39.5,57,4.8,0.0,---,---,---,---,---,---,---,---,---,---,32.77215740,130.74853030
1,439.4,0.0,00:03:06.5,00:03:08.6,2.65,00:00:00.0,0.00,39.5,58,3.3,0.0,---,---,---,---,---,---,---,---,---,---,32.77213210,130.74854850
1,444.2,0.0,00:03:08.0,00:03:07.9,2.66,00:00:00.0,0.00,38.0,59,4.8,0.0,---,---,---,---,---,---,---,---,---,---,32.77209540,130.74857490
1,447.5,0.0,00:03:09.5,00:03:07.9,2.66,00:00:00.0,0.00,39.5,60,3.3,0.0,---,---,---,---,---,---,---,---,---,---,32.77207000,130.74859270
1,452.2,0.0,00:03:11.0,00:03:07.9,2.66,00:00:00.0,0.00,39.5,61,4.8,0.0,---,---,---,---,---,---,---,---,---,---,32.77203280,130.74861800
1,455.6,0.0,00:03:12.5,00:03:05.8,2.69,00:00:00.0,0.00,40.0,62,3.3,0.0,---,---,---,---,---,---,---,---,---,---,32.77200670,130.74863590
1,460.9,0.0,00:03:14.2,00:03:04.5,2.71,00:00:00.0,0.00,40.0,63,5.3,0.0,---,---,---,---,---,---,---,---,---,---,32.77196520,130.74866430
1,463.5,0.0,00:03:15.5,00:03:07.9,2.66,00:00:00.0,0.00,41.5,64,2.6,0.0,---,---,---,---,---,---,---,---,---,---,32.77194510,130.74867880
1,468.1,0.0,00:03:17.0,00:03:13.7,2.58,00:00:00.0,0.00,39.5,65,4.6,0.0,---,---,---,---,---,---,---,---,---,---,32.77190970,130.74870420
1,471.3,0.0,00:03:18.5,00:03:14.5,2.57,00:00:00.0,0.00,39.5,66,3.2,0.0,---,---,---,---,---,---,---,---,---,---,32.77188510,130.74872160
1,475.9,0.0,00:03:20.0,00:03:14.5,2.57,00:00:00.0,0.00,38.0,67,4.6,0.0,---,---,---,---,---,---,---,---,---,---,32.77184930,130.74874670
1,479.6,0.0,00:03:21.6,00:03:14.5,2.57,00:00:00.0,0.00,39.5,68,3.7,0.0,---,---,---,---,---,---,---,---,---,---,32.77182080,130.74876660
1,487.5,0.0,00:03:24.7,00:03:16.8,2.54,00:00:00.0,0.00,19.5,69,7.9,0.0,---,---,---,---,---,---,---,---,---,---,32.77175960,130.74880920
1,495.1,0.0,00:03:28.0,00:03:30.9,2.37,00:00:00.0,0.00,19.0,70,7.6,0.0,---,---,---,---,---,---,---,---,---,---,32.77170090,130.74885040
1,500.1,0.0,00:03:30.0,00:03:37.3,2.30,00:00:00.0,0.00,28.0,71,5.0,0.0,---,---,---,---,---,---,---,---,---,---,32.77166230,130.74887720
1,505.4,0.0,00:03:32.0,00:03:22.4,2.47,00:00:00.0,0.00,30.0,72,5.3,0.0,---,---,---,---,---,---,---,---,---,---,32.77162140,130.74890590
1,508.7,0.0,00:03:33.5,00:03:13.0,2.59,00:00:00.0,0.00,44.0,73,3.4,0.0,---,---,---,---,---,---,---,---,---,---,32.77159530,130.74892370
1,512.0,0.0,00:03:34.4,00:02:59.8,2.78,00:00:00.0,0.00,58.5,74,3.3,0.0,---,---,---,---,---,---,---,---,---,---,32.77157010,130.74894160
1,520.7,0.0,00:03:37.7,00:03:02.4,2.74,00:00:00.0,0.00,32.5,75,8.8,0.0,---,---,---,---,---,---,---,---,---,---,32.77150350,130.74899130
1,523.2,0.0,00:03:38.6,00:03:07.2,2.67,00:00:00.0,0.00,25.0,76,2.5,0.0,---,---,---,---,---,---,---,---,---,---,32.77148500,130.74900540
1,531.6,0.0,00:03:41.6,00:03:02.4,2.74,00:00:00.0,0.00,21.0,77,8.5,0.0,---,---,---,---,---,---,---,---,---,---,32.77142000,130.74905220
1,539.2,0.0,00:03:44.1,00:02:55.4,2.85,00:00:00.0,0.00,23.0,78,7.6,0.0,---,---,---,---,---,---,---,---,---,---,32.77136160,130.74909400
1,548.5,0.0,00:03:47.0,00:02:41.2,3.10,00:00:00.0,0.00,21.5,79,9.2,0.0,---,---,---,---,---,---,---,---,---,---,32.77129030,130.74914420
1,556.8,0.0,00:03:49.6,00:02:36.2,3.20,00:00:00.0,0.00,22.5,80,8.3,0.0,---,---,---,---,---,---,---,---,---,---,32.77122530,130.74918830
1,565.2,0.0,00:03:52.4,00:02:39.7,3.13,00:00:00.0,0.00,22.0,81,8.4,0.0,---,---,---,---,---,---,---,---,---,---,32.77115970,130.74923260
1,573.6,0.0,00:03:55.2,00:02:44.4,3.04,00:00:00.0,0.00,21.5,82,8.4,0.0,---,---,---,---,---,---,---,---,---,---,32.77109360,130.74927700
1,594.1,0.0,00:04:05.6,00:04:55.8,1.69,00:00:00.0,0.00,21.5,83,20.5,0.0,---,---,---,---,---,---,---,---,---,---,32.77083200,130.74945170
1,600.6,0.0,00:04:09.8,00:06:10.3,1.35,00:00:00.0,0.00,14.5,84,6.4,0.0,---,---,---,---,---,---,---,---,---,---,32.77078300,130.74948830
1,607.9,0.0,00:04:13.0,00:04:31.7,1.84,00:00:00.0,0.00,19.5,85,7.3,0.0,---,---,---,---,---,---,---,---,---,---,32.77072970,130.74953470
1,617.3,0.0,00:04:16.0,00:03:14.5,2.57,00:00:00.0,0.00,20.0,86,9.4,0.0,---,---,---,---,---,---,---,---,---,---,32.77066120,130.74959320
1,627.3,0.0,00:04:19.0,00:02:39.2,3.14,00:00:00.0,0.00,20.5,87,10.0,0.0,---,---,---,---,---,---,---,---,---,---,32.77058790,130.74965550
1,637.0,0.0,00:04:21.8,00:02:29.7,3.34,00:00:00.0,0.00,21.0,88,9.6,0.0,---,---,---,---,---,---,---,---,---,---,32.77051650,130.74971390
1,645.6,0.0,00:04:24.6,00:02:34.7,3.23,00:00:00.0,0.00,21.0,89,8.6,0.0,---,---,---,---,---,---,---,---,---,---,32.77045020,130.74976130
1,655.2,0.0,00:04:27.6,00:02:39.2,3.14,00:00:00.0,0.00,21.5,90,9.6,0.0,---,---,---,---,---,---,---,---,---,---,32.77037500,130.74981190
1,663.3,0.0,00:04:30.1,00:02:30.1,3.33,00:00:00.0,0.00,23.0,91,8.1,0.0,---,---,---,---,---,---,---,---,---,---,32.77031180,130.74985390
1,673.1,0.0,00:04:32.6,00:02:20.8,3.55,00:00:00.0,0.00,23.0,92,9.9,0.0,---,---,---,---,---,---,---,---,---,---,32.77023460,130.74990580
1,682.6,0.0,00:04:35.2,00:02:18.8,3.60,00:00:00.0,0.00,23.0,93,9.5,0.0,---,---,---,---,---,---,---,---,---,---,32.77016030,130.74995560
1,692.1,0.0,00:04:37.8,00:02:21.2,3.54,00:00:00.0,0.00,23.5,94,9.5,0.0,---,---,---,---,---,---,---,---,---,---,32.77008580,130.75000410
1,700.8,0.0,00:04:40.2,00:02:19.6,3.58,00:00:00.0,0.00,23.5,95,8.8,0.0,---,---,---,---,---,---,---,---,---,---,32.77001690,130.75004920
1,710.1,0.0,00:04:42.8,00:02:18.5,3.61,00:00:00.0,0.00,24.5,96,9.3,0.0,---,---,---,---,---,---,---,---,---,---,32.76994330,130.75009580
1,731.1,0.0,00:04:50.2,00:02:31.9,3.29,00:00:00.0,0.00,8.5,97,21.0,0.0,---,---,---,---,---,---,---,---,---,---,32.76977720,130.75020300
1,745.2,0.0,00:04:58.3,00:06:15.9,1.33,00:00:00.0,0.00,67.0,98,14.1,0.0,---,---,---,---,---,---,---,---,---,---,32.76964100,130.75029210
1,751.8,0.0,00:05:02.7,00:06:10.3,1.35,00:00:00.0,0.00,27.0,99,6.6,0.0,---,---,---,---,---,---,---,---,---,---,32.76958950,130.75032700
1,756.2,0.0,00:05:05.7,00:05:54.6,1.41,00:00:00.0,0.00,11.5,100,4.4,0.0,---,---,---,---,---,---,---,---,---,---,32.76955410,130.75034800
1,760.6,0.0,00:05:08.1,00:05:16.4,1.58,00:00:00.0,0.00,26.0,101,4.3,0.0,---,---,---,---,---,---,---,---,---,---,32.76951890,130.75036800
1,769.5,0.0,00:05:11.3,00:03:53.6,2.14,00:00:00.0,0.00,19.5,102,8.9,0.0,---,---,---,---,---,---,---,---,---,---,32.76944830,130.75041210
1,779.3,0.0,00:05:14.3,00:02:50.6,2.93,00:00:00.0,0.00,19.5,103,9.9,0.0,---,---,---,---,---,---,---,---,---,---,32.76937020,130.75046230
1,790.0,0.0,00:05:17.5,00:02:33.3,3.26,00:00:00.0,0.00,20.0,104,10.6,0.0,---,---,---,---,---,---,---,---,---,---,32.76928740,130.75051890
1,799.4,0.0,00:05:20.3,00:02:30.6,3.32,00:00:00.0,0.00,20.0,105,9.4,0.0,---,---,---,---,---,---,---,---,---,---,32.76921480,130.75057060
1,809.3,0.0,00:05:23.1,00:02:27.0,3.40,00:00:00.0,0.00,21.5,106,9.9,0.0,---,---,---,---,---,---,---,---,---,---,32.76913820,130.75062510
1,819.2,0.0,00:05:25.9,00:02:21.6,3.53,00:00:00.0,0.00,22.0,107,9.9,0.0,---,---,---,---,---,---,---,---,---,---,32.76906320,130.75068190
1,828.2,0.0,00:05:28.5,00:02:23.6,3.48,00:00:00.0,0.00,22.0,108,9.0,0.0,---,---,---,---,---,---,---,---,---,---,32.76899280,130.75072940
1,849.6,0.0,00:05:40.8,00:16:40.0,0.50,00:00:00.0,0.00,13.5,109,21.4,0.0,---,---,---,---,---,---,---,---,---,---,32.76837510,130.75117440
1,852.0,0.0,00:05:41.8,00:05:14.4,1.59,00:00:00.0,0.00,47.0,110,2.4,0.0,---,---,---,---,---,---,---,---,---,---,32.76835560,130.75118440
1,860.5,0.0,00:05:44.8,00:03:07.9,2.66,00:00:00.0,0.00,20.5,111,8.6,0.0,---,---,---,---,---,---,---,---,---,---,32.76828490,130.75122100
1,869.9,0.0,00:05:47.6,00:02:49.4,2.95,00:00:00.0,0.00,21.5,112,9.3,0.0,---,---,---,---,---,---,---,---,---,---,32.76820790,130.75126010
1,879.6,0.0,00:05:50.4,00:02:32.4,3.28,00:00:00.0,0.00,21.5,113,9.8,0.0,---,---,---,---,---,---,---,---,---,---,32.76812740,130.75130160
1,889.5,0.0,00:05:53.2,00:02:24.9,3.45,00:00:00.0,0.00,22.5,114,9.9,0.0,---,---,---,---,---,---,---,---,---,---,32.76804610,130.75134360
1,908.6,0.0,00:06:00.7,00:02:42.3,3.08,00:00:00.0,0.00,7.5,115,19.1,0.0,---,---,---,---,---,---,---,---,---,---,32.76789370,130.75143690
1,912.9,0.0,00:06:02.4,00:03:27.4,2.41,00:00:00.0,0.00,36.0,116,4.3,0.0,---,---,---,---,---,---,---,---,---,---,32.76786080,130.75146030
1,915.5,0.0,00:06:03.6,00:03:16.0,2.55,00:00:00.0,0.00,54.0,117,2.7,0.0,---,---,---,---,---,---,---,---,---,---,32.76784070,130.75147570
1,924.6,0.0,00:06:06.6,00:02:47.7,2.98,00:00:00.0,0.00,21.5,118,9.1,0.0,---,---,---,---,---,---,---,---,---,---,32.76777270,130.75152990
1,933.6,0.0,00:06:09.0,00:02:35.7,3.21,00:00:00.0,0.00,22.5,119,8.9,0.0,---,---,---,---,---,---,---,---,---,---,32.76770640,130.75158370
1,942.8,0.0,00:06:11.6,00:02:27.9,3.38,00:00:00.0,0.00,23.5,120,9.3,0.0,---,---,---,---,---,---,---,---,---,---,32.76763620,130.75163730
1,952.8,0.0,00:06:14.4,00:02:24.9,3.45,00:00:00.0,0.00,21.0,121,10.0,0.0,---,---,---,---,---,---,---,---,---,---,32.76756100,130.75169530
1,962.9,0.0,00:06:17.2,00:02:22.0,3.52,00:00:00.0,0.00,21.0,122,10.0,0.0,---,---,---,---,---,---,---,---,---,---,32.76748590,130.75175480
1,972.3,0.0,00:06:19.8,00:02:21.2,3.54,00:00:00.0,0.00,22.0,123,9.4,0.0,---,---,---,---,---,---,---,---,---,---,32.76741520,130.75181000
1,982.1,0.0,00:06:22.6,00:02:22.8,3.50,00:00:00.0,0.00,22.5,124,9.8,0.0,---,---,---,---,---,---,---,---,---,---,32.76734110,130.75186660
1,992.2,0.0,00:06:25.4,00:02:23.2,3.49,00:00:00.0,0.00,21.5,125,10.1,0.0,---,---,---,---,---,---,---,---,---,---,32.76726340,130.75192240
1,1001.1,0.0,00:06:27.9,00:02:20.8,3.55,00:00:00.0,0.00,23.0,126,8.9,0.0,---,---,---,---,---,---,---,---,---,---,32.76719430,130.75197000
1,1010.5,0.0,00:06:30.6,00:02:19.6,3.58,00:00:00.0,0.00,22.5,127,9.4,0.0,---,---,---,---,---,---,---,---,---,---,32.76712080,130.75201880
1,1020.9,0.0,00:06:33.6,00:02:20.0,3.57,00:00:00.0,0.00,22.0,128,10.4,0.0,---,---,---,---,---,---,---,---,---,---,32.76703830,130.75207200
1,1030.5,0.0,00:06:36.0,00:02:20.4,3.56,00:00:00.0,0.00,22.5,129,9.6,0.0,---,---,---,---,---,---,---,---,---,---,32.76696220,130.75212030
1,1040.2,0.0,00:06:38.6,00:02:19.6,3.58,00:00:00.0,0.00,22.5,130,9.7,0.0,---,---,---,---,---,---,---,---,---,---,32.76688520,130.75216920
1,1050.4,0.0,00:06:41.4,00:02:18.1,3.62,00:00:00.0,0.00,23.0,131,10.2,0.0,---,---,---,---,---,---,---,---,---,---,32.76680390,130.75221960
1,1060.0,0.0,00:06:44.0,00:02:17.3,3.64,00:00:00.0,0.00,23.0,132,9.6,0.0,---,---,---,---,---,---,---,---,---,---,32.76672730,130.75226740
1,1069.5,0.0,00:06:46.6,00:02:18.1,3.62,00:00:00.0,0.00,23.0,133,9.4,0.0,---,---,---,---,---,---,---,---,---,---,32.76665160,130.75231270
1,1078.1,0.0,00:06:49.0,00:02:20.0,3.57,00:00:00.0,0.00,23.0,134,8.6,0.0,---,---,---,---,---,---,---,---,---,---,32.76658390,130.75235660
1,1086.9,0.0,00:06:51.6,00:02:19.6,3.58,00:00:00.0,0.00,24.5,135,8.8,0.0,---,---,---,---,---,---,---,---,---,---,32.76651350,130.75240000
1,1096.9,0.0,00:06:54.2,00:02:15.8,3.68,00:00:00.0,0.00,23.0,136,10.0,0.0,---,---,---,---,---,---,---,---,---,---,32.76643360,130.75244890
1,1106.5,0.0,00:06:56.8,00:02:15.1,3.70,00:00:00.0,0.00,23.5,137,9.6,0.0,---,---,---,---,---,---,---,---,---,---,32.76635720,130.75249600
1,1125.0,0.0,00:07:02.8,00:02:24.9,3.45,00:00:00.0,0.00,10.5,138,18.5,0.0,---,---,---,---,---,---,---,---,---,---,32.76621020,130.75258890
1,1131.3,0.0,00:07:05.4,00:02:56.6,2.83,00:00:00.0,0.00,20.5,139,6.3,0.0,---,---,---,---,---,---,---,---,---,---,32.76616170,130.75262430
1,1139.4,0.0,00:07:08.8,00:03:30.0,2.38,00:00:00.0,0.00,17.5,140,8.1,0.0,---,---,---,---,---,---,---,---,---,---,32.76610100,130.75267090
1,1162.1,0.0,00:07:20.9,00:04:23.1,1.90,00:00:00.0,0.00,13.5,141,22.7,0.0,---,---,---,---,---,---,---,---,---,---,32.76590160,130.75281920
1,1168.9,0.0,00:07:24.3,00:04:59.4,1.67,00:00:00.0,0.00,19.0,142,6.8,0.0,---,---,---,---,---,---,---,---,---,---,32.76584890,130.75285560
1,1177.8,0.0,00:07:27.3,00:03:35.5,2.32,00:00:00.0,0.00,21.5,143,8.9,0.0,---,---,---,---,---,---,---,---,---,---,32.76577930,130.75290310
1,1185.1,0.0,00:07:29.5,00:02:48.3,2.97,00:00:00.0,0.00,24.5,144,7.3,0.0,---,---,---,---,---,---,---,---,---,---,32.76572210,130.75294070
1,1194.4,0.0,00:07:32.1,00:02:30.1,3.33,00:00:00.0,0.00,24.5,145,9.3,0.0,---,---,---,---,---,---,---,---,---,---,32.76564970,130.75298960
1,1203.2,0.0,00:07:34.5,00:02:16.6,3.66,00:00:00.0,0.00,23.5,146,8.9,0.0,---,---,---,---,---,---,---,---,---,---,32.76558070,130.75303700
1,1213.7,0.0,00:07:37.4,00:02:08.5,3.89,00:00:00.0,0.00,23.5,147,10.5,0.0,---,---,---,---,---,---,---,---,---,---,32.76549980,130.75309450
1,1222.2,0.0,00:07:39.3,00:02:10.2,3.84,00:00:00.0,0.00,26.0,148,8.4,0.0,---,---,---,---,---,---,---,---,---,---,32.76543490,130.75314090
1,1232.0,0.0,00:07:41.9,00:02:12.6,3.77,00:00:00.0,0.00,24.5,149,9.9,0.0,---,---,---,---,---,---,---,---,---,---,32.76535940,130.75319640
1,1256.2,0.0,00:07:50.7,00:03:09.3,2.64,00:00:00.0,0.00,49.5,150,24.2,0.0,---,---,---,---,---,---,---,---,---,---,32.76505520,130.75341640
1,1267.7,0.0,00:08:02.3,00:10:17.2,0.81,00:00:00.0,0.00,15.5,151,11.5,0.0,---,---,---,---,---,---,---,---,---,---,32.76479600,130.75354310
1,1267.8,0.0,00:08:04.1,00:29:45.7,0.28,00:00:00.0,0.00,36.0,152,0.1,0.0,---,---,---,---,---,---,---,---,---,---,32.76479500,130.75354290
1,1268.5,0.0,00:08:11.3,00:29:45.7,0.28,00:00:00.0,0.00,8.5,153,0.8,0.0,---,---,---,---,---,---,---,---,---,---,32.76479860,130.75355100
1,1269.8,0.0,00:08:15.7,00:25:15.1,0.33,00:00:00.0,0.00,13.5,154,1.2,0.0,---,---,---,---,---,---,---,---,---,---,32.76480990,130.75355870
1,1271.5,0.0,00:08:18.5,00:19:22.7,0.43,00:00:00.0,0.00,29.0,155,1.7,0.0,---,---,---,---,---,---,---,---,---,---,32.76482690,130.75356070
1,1272.3,0.0,00:08:19.5,00:11:54.2,0.70,00:00:00.0,0.00,31.5,156,0.9,0.0,---,---,---,---,---,---,---,---,---,---,32.76483500,130.75356170
1,1282.6,0.0,00:08:29.6,00:09:55.2,0.84,00:00:00.0,0.00,26.0,157,10.3,0.0,---,---,---,---,---,---,---,---,---,---,32.76495440,130.75355760
1,1285.4,0.0,00:08:32.2,00:08:51.9,0.94,00:00:00.0,0.00,29.5,158,2.8,0.0,---,---,---,---,---,---,---,---,---,---,32.76497720,130.75354490
1,1290.1,0.0,00:08:40.9,00:11:15.6,0.74,00:00:00.0,0.00,34.0,159,4.7,0.0,---,---,---,---,---,---,---,---,---,---,32.76508540,130.75350390
1,1299.3,0.0,00:08:50.2,00:09:41.3,0.86,00:00:00.0,0.00,33.0,160,9.1,0.0,---,---,---,---,---,---,---,---,---,---,32.76518650,130.75343660
1,1301.0,0.0,00:08:51.0,00:04:40.8,1.78,00:00:00.0,0.00,58.0,161,1.7,0.0,---,---,---,---,---,---,---,---,---,---,32.76519960,130.75342730
1,1308.6,0.0,00:08:54.0,00:03:20.0,2.50,00:00:00.0,0.00,20.5,162,7.7,0.0,---,---,---,---,---,---,---,---,---,---,32.76525720,130.75338270
1,1316.5,0.0,00:08:56.8,00:03:15.3,2.56,00:00:00.0,0.00,22.0,163,7.9,0.0,---,---,---,---,---,---,---,---,---,---,32.76531730,130.75333820
1,1324.6,0.0,00:08:59.4,00:02:56.6,2.83,00:00:00.0,0.00,21.5,164,8.1,0.0,---,---,---,---,---,---,---,---,---,---,32.76537950,130.75329310
1,1342.5,0.0,00:09:07.0,00:02:46.1,3.01,00:00:00.0,0.00,27.0,165,17.9,0.0,---,---,---,---,---,---,---,---,---,---,32.76551420,130.75318980
1,1350.2,0.0,00:09:11.9,00:05:31.1,1.51,00:00:00.0,0.00,22.0,166,7.7,0.0,---,---,---,---,---,---,---,---,---,---,32.76559210,130.75315500
1,1354.4,0.0,00:09:13.9,00:05:28.9,1.52,00:00:00.0,0.00,36.0,167,4.1,0.0,---,---,---,---,---,---,---,---,---,---,32.76562900,130.75314920
1,1355.8,0.0,00:09:14.8,00:04:13.8,1.97,00:00:00.0,0.00,50.5,168,1.4,0.0,---,---,---,---,---,---,---,---,---,---,32.76564180,130.75314730
1,1361.7,0.0,00:09:17.8,00:03:52.5,2.15,00:00:00.0,0.00,19.5,169,5.9,0.0,---,---,---,---,---,---,---,---,---,---,32.76569410,130.75313770
1,1375.2,0.0,00:09:24.9,00:04:19.0,1.93,00:00:00.0,0.00,8.5,170,13.5,0.0,---,---,---,---,---,---,---,---,---,---,32.76581240,130.75310710
1,1380.7,0.0,00:09:28.2,00:04:42.4,1.77,00:00:00.0,0.00,19.0,171,5.5,0.0,---,---,---,---,---,---,---,---,---,---,32.76586120,130.75309640
1,1388.8,0.0,00:09:33.9,00:05:16.4,1.58,00:00:00.0,0.00,29.0,172,8.1,0.0,---,---,---,---,---,---,---,---,---,---,32.76593400,130.75309200
1,1389.7,0.0,00:09:34.8,00:05:54.6,1.41,00:00:00.0,0.00,13.0,173,0.9,0.0,---,---,---,---,---,---,---,---,---,---,32.76594220,130.75309130
1,1393.5,0.0,00:09:37.3,00:06:53.2,1.21,00:00:00.0,0.00,28.0,174,3.7,0.0,---,---,---,---,---,---,---,---,---,---,32.76597540,130.75308550
1,1394.8,0.0,00:09:38.1,00:05:40.1,1.47,00:00:00.0,0.00,50.5,175,1.3,0.0,---,---,---,---,---,---,---,---,---,---,32.76598730,130.75308360
1,1400.3,0.0,00:09:41.8,00:04:47.3,1.74,00:00:00.0,0.00,17.5,176,5.5,0.0,---,---,---,---,---,---,---,---,---,---,32.76603680,130.75307900
1,1407.0,0.0,00:09:45.9,00:05:16.4,1.58,00:00:00.0,0.00,13.5,177,6.7,0.0,---,---,---,---,---,---,---,---,---,---,32.76609650,130.75308860
1,1418.6,0.0,00:09:55.7,00:14:52.8,0.56,00:00:00.0,0.00,31.5,178,11.5,0.0,---,---,---,---,---,---,---,---,---,---,32.76623690,130.75310050
1,1419.7,0.0,00:09:56.3,00:04:31.7,1.84,00:00:00.0,0.00,84.0,179,1.2,0.0,---,---,---,---,---,---,---,---,---,---,32.76624570,130.75309350
1,1425.5,0.0,00:09:58.1,00:02:57.9,2.81,00:00:00.0,0.00,34.0,180,5.7,0.0,---,---,---,---,---,---,---,---,---,---,32.76628780,130.75305860
1,1431.7,0.0,00:09:59.9,00:02:39.7,3.13,00:00:00.0,0.00,34.5,181,6.3,0.0,---,---,---,---,---,---,---,---,---,---,32.76633400,130.75302050
1,1438.9,0.0,00:10:01.9,00:02:22.8,3.50,00:00:00.0,0.00,32.5,182,7.2,0.0,---,---,---,---,---,---,---,---,---,---,32.76638710,130.75297740
1,1459.5,0.0,00:10:10.1,00:05:59.7,1.39,00:00:00.0,0.00,97.5,183,20.6,0.0,---,---,---,---,---,---,---,---,---,---,32.76664460,130.75278330
1,1464.8,0.0,00:10:11.7,00:02:56.0,2.84,00:00:00.0,0.00,37.0,184,5.3,0.0,---,---,---,---,---,---,---,---,---,---,32.76668890,130.75276140
1,1469.7,0.0,00:10:13.2,00:02:40.7,3.11,00:00:00.0,0.00,37.5,185,4.9,0.0,---,---,---,---,---,---,---,---,---,---,32.76672920,130.75274120
1,1476.7,0.0,00:10:15.1,00:02:25.3,3.44,00:00:00.0,0.00,32.5,186,7.0,0.0,---,---,---,---,---,---,---,---,---,---,32.76678660,130.75271160
1,1484.0,0.0,00:10:17.1,00:02:17.3,3.64,00:00:00.0,0.00,31.5,187,7.3,0.0,---,---,---,---,---,---,---,---,---,---,32.76684660,130.75267920
1,1504.3,0.0,00:10:25.8,00:03:22.4,2.47,00:00:00.0,0.00,52.5,188,20.3,0.0,---,---,---,---,---,---,---,---,---,---,32.76702020,130.75258600
1,1511.0,0.0,00:10:29.6,00:05:26.7,1.53,00:00:00.0,0.00,17.0,189,6.8,0.0,---,---,---,---,---,---,---,---,---,---,32.76707540,130.75255580
1,1515.2,0.0,00:10:31.4,00:04:50.6,1.72,00:00:00.0,0.00,36.0,190,4.2,0.0,---,---,---,---,---,---,---,---,---,---,32.76710950,130.75253700
1,1516.6,0.0,00:10:32.0,00:03:52.5,2.15,00:00:00.0,0.00,58.5,191,1.4,0.0,---,---,---,---,---,---,---,---,---,---,32.76712040,130.75253050
1,1523.6,0.0,00:10:34.8,00:03:17.6,2.53,00:00:00.0,0.00,21.5,192,7.1,0.0,---,---,---,---,---,---,---,---,---,---,32.76717730,130.75249700
1,1531.2,0.0,00:10:37.6,00:03:12.3,2.60,00:00:00.0,0.00,23.0,193,7.6,0.0,---,---,---,---,---,---,---,---,---,---,32.76723790,130.75245960
1,1538.9,0.0,00:10:40.2,00:02:59.2,2.79,00:00:00.0,0.00,23.5,194,7.7,0.0,---,---,---,---,---,---,---,---,---,---,32.76729940,130.75242210
1,1550.0,0.0,00:10:46.8,00:03:32.7,2.35,00:00:00.0,0.00,9.0,195,11.1,0.0,---,---,---,---,---,---,---,---,---,---,32.76738650,130.75236450
1,1550.8,0.0,00:10:47.6,00:05:37.8,1.48,00:00:00.0,0.00,52.5,196,0.8,0.0,---,---,---,---,---,---,---,---,---,---,32.76739250,130.75235980
1,1554.7,0.0,00:10:50.2,00:07:51.6,1.06,00:00:00.0,0.00,29.0,197,3.9,0.0,---,---,---,---,---,---,---,---,---,---,32.76742210,130.75233850
1,1556.0,0.0,00:10:51.2,00:05:28.9,1.52,00:00:00.0,0.00,44.5,198,1.3,0.0,---,---,---,---,---,---,---,---,---,---,32.76743270,130.75233140
1,1562.7,0.0,00:10:54.2,00:04:01.5,2.07,00:00:00.0,0.00,19.5,199,6.6,0.0,---,---,---,---,---,---,---,---,---,---,32.76748530,130.75229820
1,1569.8,0.0,00:10:57.2,00:03:40.2,2.27,00:00:00.0,0.00,20.0,200,7.1,0.0,---,---,---,---,---,---,---,---,---,---,32.76754260,130.75226370
1,1577.2,0.0,00:10:59.8,00:03:16.8,2.54,00:00:00.0,0.00,22.5,201,7.4,0.0,---,---,---,---,---,---,---,---,---,---,32.76760240,130.75222980
1,1584.2,0.0,00:11:02.2,00:03:02.4,2.74,00:00:00.0,0.00,26.0,202,7.0,0.0,---,---,---,---,---,---,---,---,---,---,32.76765940,130.75219790
1,1591.6,0.0,00:11:04.6,00:02:54.2,2.87,00:00:00.0,0.00,24.5,203,7.4,0.0,---,---,---,---,---,---,---,---,---,---,32.76771900,130.75216320
1,1599.1,0.0,00:11:07.0,00:02:45.5,3.02,00:00:00.0,0.00,25.0,204,7.6,0.0,---,---,---,---,---,---,---,---,---,---,32.76777970,130.75212720
1,1607.4,0.0,00:11:09.6,00:02:38.7,3.15,00:00:00.0,0.00,23.5,205,8.3,0.0,---,---,---,---,---,---,---,---,---,---,32.76784570,130.75208690
1,1615.2,0.0,00:11:12.2,00:02:35.2,3.22,00:00:00.0,0.00,24.5,206,7.8,0.0,---,---,---,---,---,---,---,---,---,---,32.76790790,130.75204880
1,1623.4,0.0,00:11:14.6,00:02:35.2,3.22,00:00:00.0,0.00,23.5,207,8.3,0.0,---,---,---,---,---,---,---,---,---,---,32.76797390,130.75200860
1,1630.5,0.0,00:11:16.8,00:02:40.2,3.12,00:00:00.0,0.00,26.0,208,7.1,0.0,---,---,---,---,---,---,---,---,---,---,32.76803080,130.75197520
1,1637.9,0.0,00:11:19.2,00:02:43.3,3.06,00:00:00.0,0.00,24.5,209,7.4,0.0,---,---,---,---,---,---,---,---,---,---,32.76809080,130.75194010
1,1645.3,0.0,00:11:21.6,00:02:43.3,3.06,00:00:00.0,0.00,26.0,210,7.3,0.0,---,---,---,---,---,---,---,---,---,---,32.76815030,130.75190600
1,1652.7,0.0,00:11:24.2,00:02:43.3,3.06,00:00:00.0,0.00,25.0,211,7.4,0.0,---,---,---,---,---,---,---,---,---,---,32.76820920,130.75187040
1,1659.9,0.0,00:11:26.4,00:02:44.4,3.04,00:00:00.0,0.00,26.0,212,7.3,0.0,---,---,---,---,---,---,---,---,---,---,32.76826740,130.75183520
1,1667.3,0.0,00:11:28.8,00:02:46.6,3.00,00:00:00.0,0.00,23.5,213,7.4,0.0,---,---,---,---,---,---,---,---,---,---,32.76832700,130.75180080
1,1674.8,0.0,00:11:31.2,00:02:44.4,3.04,00:00:00.0,0.00,25.0,214,7.5,0.0,---,---,---,---,---,---,---,---,---,---,32.76838750,130.75176620
1,1682.7,0.0,00:11:33.8,00:02:42.8,3.07,00:00:00.0,0.00,23.5,215,7.9,0.0,---,---,---,---,---,---,---,---,---,---,32.76845180,130.75173040
1,1689.6,0.0,00:11:36.2,00:02:44.4,3.04,00:00:00.0,0.00,24.5,216,6.9,0.0,---,---,---,---,---,---,---,---,---,---,32.76850810,130.75169840
1,1697.8,0.0,00:11:38.8,00:02:43.3,3.06,00:00:00.0,0.00,23.0,217,8.2,0.0,---,---,---,---,---,---,---,---,---,---,32.76857460,130.75166150
1,1705.0,0.0,00:11:41.2,00:02:46.1,3.01,00:00:00.0,0.00,26.0,218,7.2,0.0,---,---,---,---,---,---,---,---,---,---,32.76863360,130.75162930
1,1712.6,0.0,00:11:43.6,00:02:46.1,3.01,00:00:00.0,0.00,24.5,219,7.6,0.0,---,---,---,---,---,---,---,---,---,---,32.76869490,130.75159420
1,1720.1,0.0,00:11:46.0,00:02:41.8,3.09,00:00:00.0,0.00,25.0,220,7.5,0.0,---,---,---,---,---,---,---,---,---,---,32.76875550,130.75155870
1,1727.4,0.0,00:11:48.4,00:02:39.2,3.14,00:00:00.0,0.00,25.0,221,7.3,0.0,---,---,---,---,---,---,---,---,---,---,32.76881430,130.75152450
1,1735.7,0.0,00:11:50.8,00:02:32.4,3.28,00:00:00.0,0.00,24.5,222,8.3,0.0,---,---,---,---,---,---,---,---,---,---,32.76888070,130.75148510
1,1756.2,0.0,00:12:00.2,00:03:45.2,2.22,00:00:00.0,0.00,34.0,223,20.6,0.0,---,---,---,---,---,---,---,---,---,---,32.76906610,130.75138050
1,1760.3,0.0,00:12:03.2,00:06:36.8,1.26,00:00:00.0,0.00,20.0,224,4.1,0.0,---,---,---,---,---,---,---,---,---,---,32.76909900,130.75136180
1,1766.4,0.0,00:12:06.0,00:05:01.2,1.66,00:00:00.0,0.00,23.0,225,6.1,0.0,---,---,---,---,---,---,---,---,---,---,32.76914850,130.75133410
1,1772.4,0.0,00:12:08.2,00:03:54.7,2.13,00:00:00.0,0.00,36.0,226,6.0,0.0,---,---,---,---,---,---,---,---,---,---,32.76919740,130.75130730
1,1774.3,0.0,00:12:09.0,00:03:13.7,2.58,00:00:00.0,0.00,42.0,227,2.0,0.0,---,---,---,---,---,---,---,---,---,---,32.76921340,130.75129820
1,1782.8,0.0,00:12:12.0,00:02:53.0,2.89,00:00:00.0,0.00,20.5,228,8.5,0.0,---,---,---,---,---,---,---,---,---,---,32.76928190,130.75125850
1,1791.3,0.0,00:12:14.8,00:02:51.8,2.91,00:00:00.0,0.00,21.0,229,8.5,0.0,---,---,---,---,---,---,---,---,---,---,32.76935120,130.75121940
1,1798.8,0.0,00:12:17.2,00:02:54.8,2.86,00:00:00.0,0.00,41.5,230,7.4,0.0,---,---,---,---,---,---,---,---,---,---,32.76941150,130.75118600
1,1801.9,0.0,00:12:18.4,00:02:53.0,2.89,00:00:00.0,0.00,26.0,231,3.2,0.0,---,---,---,---,---,---,---,---,---,---,32.76943730,130.75117180
1,1807.4,0.0,00:12:20.6,00:03:10.1,2.63,00:00:00.0,0.00,37.5,232,5.4,0.0,---,---,---,---,---,---,---,---,---,---,32.76948150,130.75114710
1,1809.3,0.0,00:12:21.4,00:03:27.4,2.41,00:00:00.0,0.00,42.0,233,1.9,0.0,---,---,---,---,---,---,---,---,---,---,32.76949700,130.75113880
1,1817.0,0.0,00:12:24.6,00:03:19.2,2.51,00:00:00.0,0.00,20.0,234,7.8,0.0,---,---,---,---,---,---,---,---,---,---,32.76956040,130.75110360
1,1824.2,0.0,00:12:27.6,00:03:30.9,2.37,00:00:00.0,0.00,20.0,235,7.1,0.0,---,---,---,---,---,---,---,---,---,---,32.76961920,130.75107370
1,1828.7,0.0,00:12:29.6,00:03:53.6,2.14,00:00:00.0,0.00,36.0,236,4.6,0.0,---,---,---,---,---,---,---,---,---,---,32.76965710,130.75105520
1,1831.0,0.0,00:12:30.6,00:03:46.2,2.21,00:00:00.0,0.00,44.0,237,2.2,0.0,---,---,---,---,---,---,---,---,---,---,32.76967570,130.75104650
1,1837.3,0.0,00:12:33.8,00:03:41.2,2.26,00:00:00.0,0.00,20.0,238,6.4,0.0,---,---,---,---,---,---,---,---,---,---,32.76972970,130.75102290
1,1842.1,0.0,00:12:35.8,00:04:10.0,2.00,00:00:00.0,0.00,31.5,239,4.8,0.0,---,---,---,---,---,---,---,---,---,---,32.76977110,130.75100870
1,1843.9,0.0,00:12:36.6,00:03:34.5,2.33,00:00:00.0,0.00,54.0,240,1.8,0.0,---,---,---,---,---,---,---,---,---,---,32.76978660,130.75100360
1,1851.3,0.0,00:12:39.4,00:03:11.5,2.61,00:00:00.0,0.00,21.5,241,7.4,0.0,---,---,---,---,---,---,---,---,---,---,32.76985070,130.75098320
1,1858.4,0.0,00:12:42.0,00:03:14.5,2.57,00:00:00.0,0.00,23.0,242,7.0,0.0,---,---,---,---,---,---,---,---,---,---,32.76991260,130.75096710
1,1865.3,0.0,00:12:44.4,00:03:14.5,2.57,00:00:00.0,0.00,34.0,243,6.9,0.0,---,---,---,---,---,---,---,---,---,---,32.76997340,130.75095350
1,1867.3,0.0,00:12:45.2,00:03:00.5,2.77,00:00:00.0,0.00,39.5,244,2.0,0.0,---,---,---,---,---,---,---,---,---,---,32.76999140,130.75094960
1,1874.9,0.0,00:12:48.2,00:02:58.5,2.80,00:00:00.0,0.00,20.0,245,7.6,0.0,---,---,---,---,---,---,---,---,---,---,32.77005900,130.75093610
1,1882.9,0.0,00:12:51.0,00:03:07.9,2.66,00:00:00.0,0.00,21.5,246,8.0,0.0,---,---,---,---,---,---,---,---,---,---,32.77013000,130.75092270
1,1891.5,0.0,00:12:53.8,00:02:52.4,2.90,00:00:00.0,0.00,22.0,247,8.6,0.0,---,---,---,---,---,---,---,---,---,---,32.77020610,130.75090550
1,1900.6,0.0,00:12:56.6,00:02:39.7,3.13,00:00:00.0,0.00,21.5,248,9.1,0.0,---,---,---,---,---,---,---,---,---,---,32.77028600,130.75088620
1,1909.7,0.0,00:12:59.4,00:02:36.7,3.19,00:00:00.0,0.00,21.0,249,9.0,0.0,---,---,---,---,---,---,---,---,---,---,32.77036560,130.75086630
1,1918.2,0.0,00:13:02.0,00:02:35.7,3.21,00:00:00.0,0.00,22.5,250,8.5,0.0,---,---,---,---,---,---,---,---,---,---,32.77044020,130.75084660
1,1926.9,0.0,00:13:04.6,00:02:33.8,3.25,00:00:00.0,0.00,22.0,251,8.7,0.0,---,---,---,---,---,---,---,---,---,---,32.77051660,130.75082500
1,1935.2,0.0,00:13:07.4,00:02:33.3,3.26,00:00:00.0,0.00,23.0,252,8.3,0.0,---,---,---,---,---,---,---,---,---,---,32.77058880,130.75080450
1,1944.6,0.0,00:13:10.4,00:02:35.2,3.22,00:00:00.0,0.00,21.5,253,9.4,0.0,---,---,---,---,---,---,---,---,---,---,32.77067080,130.75078160
1,1952.7,0.0,00:13:12.8,00:02:38.7,3.15,00:00:00.0,0.00,22.0,254,8.2,0.0,---,---,---,---,---,---,---,---,---,---,32.77074170,130.75076000
1,1960.8,0.0,00:13:15.4,00:02:42.8,3.07,00:00:00.0,0.00,23.0,255,8.1,0.0,---,---,---,---,---,---,---,---,---,---,32.77081240,130.75073930
1,1969.1,0.0,00:13:18.0,00:02:42.3,3.08,00:00:00.0,0.00,23.0,256,8.3,0.0,---,---,---,---,---,---,---,---,---,---,32.77088450,130.75071720
1,1977.8,0.0,00:13:20.8,00:02:40.7,3.11,00:00:00.0,0.00,21.0,257,8.6,0.0,---,---,---,---,---,---,---,---,---,---,32.77095980,130.75069510
1,1985.1,0.0,00:13:23.4,00:02:48.3,2.97,00:00:00.0,0.00,23.0,258,7.3,0.0,---,---,---,---,---,---,---,---,---,---,32.77102410,130.75067890
1,1991.1,0.0,00:13:25.5,00:02:59.8,2.78,00:00:00.0,0.00,36.0,259,6.0,0.0,---,---,---,---,---,---,---,---,---,---,32.77107720,130.75066580
1,1994.4,0.0,00:13:26.6,00:02:49.4,2.95,00:00:00.0,0.00,39.5,260,3.3,0.0,---,---,---,---,---,---,---,---,---,---,32.77110580,130.75065850
1,2002.1,0.0,00:13:29.2,00:02:43.3,3.06,00:00:00.0,0.00,22.5,261,7.8,0.0,---,---,---,---,---,---,---,---,---,---,32.77117360,130.75063970
1,2010.5,0.0,00:13:32.0,00:02:47.2,2.99,00:00:00.0,0.00,22.5,262,8.4,0.0,---,---,---,---,---,---,---,---,---,---,32.77124720,130.75061870
1,2021.5,0.0,00:13:37.4,00:03:07.2,2.67,00:00:00.0,0.00,11.5,263,11.0,0.0,---,---,---,---,---,---,---,---,---,---,32.77134220,130.75058620
1,2025.9,0.0,00:13:40.4,00:04:28.8,1.86,00:00:00.0,0.00,18.0,264,4.4,0.0,---,---,---,---,---,---,---,---,---,---,32.77137840,130.75056760
1,2030.8,0.0,00:13:43.4,00:05:26.7,1.53,00:00:00.0,0.00,19.0,265,4.9,0.0,---,---,---,---,---,---,---,---,---,---,32.77141740,130.75054290
1,2036.0,0.0,00:13:45.8,00:04:55.8,1.69,00:00:00.0,0.00,34.5,266,5.2,0.0,---,---,---,---,---,---,---,---,---,---,32.77145750,130.75051550
1,2037.8,0.0,00:13:46.6,00:03:56.9,2.11,00:00:00.0,0.00,39.5,267,1.8,0.0,---,---,---,---,---,---,---,---,---,---,32.77147170,130.75050590
1,2044.7,0.0,00:13:49.8,00:03:37.3,2.30,00:00:00.0,0.00,20.0,268,6.9,0.0,---,---,---,---,---,---,---,---,---,---,32.77152540,130.75047000
1,2051.4,0.0,00:13:52.7,00:03:41.2,2.26,00:00:00.0,0.00,21.0,269,6.8,0.0,---,---,---,---,---,---,---,---,---,---,32.77157900,130.75043590
1,2058.9,0.0,00:13:55.5,00:03:19.2,2.51,00:00:00.0,0.00,20.5,270,7.5,0.0,---,---,---,---,---,---,---,---,---,---,32.77163850,130.75039870
1,2067.1,0.0,00:13:58.5,00:02:58.5,2.80,00:00:00.0,0.00,22.0,271,8.1,0.0,---,---,---,---,---,---,---,---,---,---,32.77170370,130.75035950
1,2075.8,0.0,00:14:01.0,00:02:41.8,3.09,00:00:00.0,0.00,22.0,272,8.8,0.0,---,---,---,---,---,---,---,---,---,---,32.77177490,130.75031900
1,2083.5,0.0,00:14:03.4,00:02:43.3,3.06,00:00:00.0,0.00,34.5,273,7.7,0.0,---,---,---,---,---,---,---,---,---,---,32.77183750,130.75028460
1,2085.7,0.0,00:14:04.4,00:02:40.7,3.11,00:00:00.0,0.00,39.5,274,2.2,0.0,---,---,---,---,---,---,---,---,---,---,32.77185580,130.75027510
1,2092.5,0.0,00:14:07.4,00:02:53.6,2.88,00:00:00.0,0.00,24.5,275,6.7,0.0,---,---,---,---,---,---,---,---,---,---,32.77191030,130.75024410
1,2096.3,0.0,00:14:09.2,00:03:44.2,2.23,00:00:00.0,0.00,24.5,276,3.8,0.0,---,---,---,---,---,---,---,---,---,---,32.77193980,130.75022310
1,2100.5,0.0,00:14:11.6,00:04:27.3,1.87,00:00:00.0,0.00,24.5,277,4.2,0.0,---,---,---,---,---,---,---,---,---,---,32.77196910,130.75019460
1,2108.7,0.0,00:14:15.0,00:04:28.8,1.86,00:00:00.0,0.00,40.5,278,8.2,0.0,---,---,---,---,---,---,---,---,---,---,32.77201990,130.75013090
1,2110.7,0.0,00:14:16.0,00:03:46.2,2.21,00:00:00.0,0.00,20.5,279,2.0,0.0,---,---,---,---,---,---,---,---,---,---,32.77203210,130.75011510
1,2116.2,0.0,00:14:18.6,00:03:39.2,2.28,00:00:00.0,0.00,25.0,280,5.5,0.0,---,---,---,---,---,---,---,---,---,---,32.77205980,130.75006560
1,2121.5,0.0,00:14:21.0,00:03:56.9,2.11,00:00:00.0,0.00,23.5,281,5.2,0.0,---,---,---,---,---,---,---,---,---,---,32.77207870,130.75001420
1,2127.1,0.0,00:14:23.6,00:03:53.6,2.14,00:00:00.0,0.00,23.5,282,5.7,0.0,---,---,---,---,---,---,---,---,---,---,32.77208790,130.74995420
1,2134.1,0.0,00:14:26.4,00:03:39.2,2.28,00:00:00.0,0.00,21.0,283,7.0,0.0,---,---,---,---,---,---,---,---,---,---,32.77209060,130.74987930
1,2142.5,0.0,00:14:29.4,00:03:17.6,2.53,00:00:00.0,0.00,20.5,284,8.3,0.0,---,---,---,---,---,---,---,---,---,---,32.77208870,130.74979020
1,2150.6,0.0,00:14:32.0,00:02:57.3,2.82,00:00:00.0,0.00,23.0,285,8.1,0.0,---,---,---,---,---,---,---,---,---,---,32.77208660,130.74970350
1,2159.0,0.0,00:14:34.6,00:02:42.8,3.07,00:00:00.0,0.00,22.0,286,8.4,0.0,---,---,---,---,---,---,---,---,---,---,32.77208680,130.74961350
1,2167.4,0.0,00:14:37.5,00:02:35.7,3.21,00:00:00.0,0.00,21.5,287,8.4,0.0,---,---,---,---,---,---,---,---,---,---,32.77208770,130.74952330
1,2176.2,0.0,00:14:40.4,00:02:40.2,3.12,00:00:00.0,0.00,20.5,288,8.7,0.0,---,---,---,---,---,---,---,---,---,---,32.77209320,130.74943050
1,2183.8,0.0,00:14:43.4,00:02:57.9,2.81,00:00:00.0,0.00,20.5,289,7.6,0.0,---,---,---,---,---,---,---,---,---,---,32.77210580,130.74935050
1,2191.0,0.0,00:14:46.4,00:03:17.6,2.53,00:00:00.0,0.00,20.5,290,7.2,0.0,---,---,---,---,---,---,---,---,---,---,32.77211730,130.74927440
1,2198.9,0.0,00:14:49.0,00:03:12.3,2.60,00:00:00.0,0.00,21.0,291,7.9,0.0,---,---,---,---,---,---,---,---,---,---,32.77212700,130.74919050
1,2207.3,0.0,00:14:51.8,00:02:55.4,2.85,00:00:00.0,0.00,22.0,292,8.3,0.0,---,---,---,---,---,---,---,---,---,---,32.77214130,130.74910310
1,2214.5,0.0,00:14:54.4,00:02:56.6,2.83,00:00:00.0,0.00,23.5,293,7.2,0.0,---,---,---,---,---,---,---,---,---,---,32.77216170,130.74903040
1,2221.5,0.0,00:14:57.2,00:03:09.3,2.64,00:00:00.0,0.00,21.0,294,7.0,0.0,---,---,---,---,---,---,---,---,---,---,32.77218880,130.74896240
1,2229.1,0.0,00:14:59.8,00:03:05.8,2.69,00:00:00.0,0.00,22.0,295,7.6,0.0,---,---,---,---,---,---,---,---,---,---,32.77222160,130.74889130
1,2237.3,0.0,00:15:02.6,00:02:53.6,2.88,00:00:00.0,0.00,21.5,296,8.2,0.0,---,---,---,---,---,---,---,---,---,---,32.77225910,130.74881600
1,2245.7,0.0,00:15:05.4,00:02:48.9,2.96,00:00:00.0,0.00,22.0,297,8.4,0.0,---,---,---,---,---,---,---,---,---,---,32.77230010,130.74874050
1,2252.9,0.0,00:15:08.4,00:03:00.5,2.77,00:00:00.0,0.00,19.5,298,7.2,0.0,---,---,---,---,---,---,---,---,---,---,32.77233780,130.74867740
1,2259.4,0.0,00:15:11.2,00:03:28.3,2.40,00:00:00.0,0.00,22.0,299,6.5,0.0,---,---,---,---,---,---,---,---,---,---,32.77237450,130.74862400
1,2264.4,0.0,00:15:13.5,00:03:45.2,2.22,00:00:00.0,0.00,24.5,300,5.0,0.0,---,---,---,---,---,---,---,---,---,---,32.77240700,130.74858750
1,2279.6,0.0,00:15:23.2,00:04:55.8,1.69,00:00:00.0,0.00,29.0,301,15.3,0.0,---,---,---,---,---,---,---,---,---,---,32.77254900,130.74849430
1,2280.9,0.0,00:15:23.8,00:06:15.9,1.33,00:00:00.0,0.00,50.0,302,1.3,0.0,---,---,---,---,---,---,---,---,---,---,32.77255960,130.74848880
1,2293.6,0.0,00:15:35.8,00:39:40.9,0.21,00:00:00.0,0.00,14.0,303,12.7,0.0,---,---,---,---,---,---,---,---,---,---,32.77270240,130.74842550
1,2294.9,0.0,00:15:36.8,00:10:17.2,0.81,00:00:00.0,0.00,44.5,304,1.3,0.0,---,---,---,---,---,---,---,---,---,---,32.77270930,130.74841480
1,2300.1,0.0,00:15:41.1,00:06:36.8,1.26,00:00:00.0,0.00,15.5,305,5.2,0.0,---,---,---,---,---,---,---,---,---,---,32.77273590,130.74836920
1,2310.1,0.0,00:15:51.2,00:10:41.0,0.78,00:00:00.0,0.00,21.0,306,10.0,0.0,---,---,---,---,---,---,---,---,---,---,32.77286840,130.74819130
1,2310.8,0.0,00:16:00.6,01:15:45.4,0.11,00:00:00.0,0.00,24.5,307,0.7,0.0,---,---,---,---,---,---,---,---,---,---,32.77288320,130.74819600
1,2311.2,0.0,00:16:09.9,01:32:35.5,0.09,00:00:00.0,0.00,39.5,308,0.4,0.0,---,---,---,---,---,---,---,---,---,---,32.77288550,130.74820030
1,2311.3,0.0,00:16:10.5,00:55:33.3,0.15,00:00:00.0,0.00,72.0,309,0.1,0.0,---,---,---,---,---,---,---,---,---,---,32.77288550,130.74819990
1,2312.4,0.0,00:16:19.3,01:09:26.6,0.12,00:00:00.0,0.00,60.5,310,1.2,0.0,---,---,---,---,---,---,---,---,---,---,32.77290900,130.74816710
1,2312.9,0.0,00:16:26.5,01:09:26.6,0.12,00:00:00.0,0.00,8.0,311,0.5,0.0,---,---,---,---,---,---,---,---,---,---,32.77291000,130.74817250
1,2313.1,0.0,00:16:29.7,01:23:20.0,0.10,00:00:00.0,0.00,36.0,312,0.2,0.0,---,---,---,---,---,---,---,---,---,---,32.77290960,130.74817370
1,2313.1,0.0,00:16:30.7,00:59:31.4,0.14,00:00:00.0,0.00,23.5,313,0.0,0.0,---,---,---,---,---,---,---,---,---,---,32.77290910,130.74817140
1,2313.1,0.0,00:16:35.7,01:44:09.9,0.08,00:00:00.0,0.00,12.0,314,0.0,0.0,---,---,---,---,---,---,---,---,---,---,32.77290940,130.74817440
1,2313.3,0.0,00:16:40.5,01:32:35.5,0.09,00:00:00.0,0.00,38.0,315,0.1,0.0,---,---,---,---,---,---,---,---,---,---,32.77291050,130.74817550
1,2313.3,0.0,00:16:41.4,01:23:20.0,0.10,00:00:00.0,0.00,14.0,316,0.0,0.0,---,---,---,---,---,---,---,---,---,---,32.77291030,130.74817250
1,2313.3,0.0,00:16:44.2,01:59:02.8,0.07,00:00:00.0,0.00,21.5,317,0.0,0.0,---,---,---,---,---,---,---,---,---,---,32.77290980,130.74817360
1,2313.8,0.0,00:16:56.9,01:59:02.8,0.07,00:00:00.0,0.00,12.0,318,0.6,0.0,---,---,---,---,---,---,---,---,---,---,32.77290340,130.74817430
1,2314.6,0.0,00:17:05.9,01:15:45.4,0.11,00:00:00.0,0.00,36.0,319,0.7,0.0,---,---,---,---,---,---,---,---,---,---,32.77290040,130.74817980
1,2314.8,0.0,00:17:06.7,01:04:06.1,0.13,00:00:00.0,0.00,26.0,320,0.2,0.0,---,---,---,---,---,---,---,---,---,---,32.77290060,130.74817750
1,2314.9,0.0,00:17:12.3,01:04:06.1,0.13,00:00:00.0,0.00,11.0,321,0.1,0.0,---,---,---,---,---,---,---,---,---,---,32.77290330,130.74817930
1,2316.6,0.0,00:17:21.5,01:04:06.1,0.13,00:00:00.0,0.00,37.5,322,1.6,0.0,---,---,---,---,---,---,---,---,---,---,32.77289020,130.74815210
1,2316.8,0.0,00:17:22.7,01:04:06.1,0.13,00:00:00.0,0.00,22.0,323,0.3,0.0,---,---,---,---,---,---,---,---,---,---,32.77289030,130.74815010
1,2316.8,0.0,00:17:28.1,01:32:35.5,0.09,00:00:00.0,0.00,12.5,324,0.0,0.0,---,---,---,---,---,---,---,---,---,---,32.77289050,130.74815050
1,2316.9,0.0,00:17:28.7,00:59:31.4,0.14,00:00:00.0,0.00,39.5,325,0.1,0.0,---,---,---,---,---,---,---,---,---,---,32.77289110,130.74814860
1,2316.9,0.0,00:17:30.9,00:52:04.9,0.16,00:00:00.0,0.00,30.0,326,0.0,0.0,---,---,---,---,---,---,---,---,---,---,32.77289060,130.74815050
1,2316.9,0.0,00:17:32.7,00:55:33.3,0.15,00:00:00.0,0.00,37.5,327,0.0,0.0,---,---,---,---,---,---,---,---,---,---,32.77289040,130.74815080
1,2316.9,0.0,00:17:33.5,00:41:40.0,0.20,00:00:00.0,0.00,54.5,328,0.0,0.0,---,---,---,---,---,---,---,---,---,---,32.77289080,130.74814840
1,2317.0,0.0,00:17:37.7,00:41:40.0,0.20,00:00:00.0,0.00,15.0,329,0.1,0.0,---,---,---,---,---,---,---,---,---,---,32.77289050,130.74814750
1,2317.7,0.0,00:17:47.0,00:52:04.9,0.16,00:00:00.0,0.00,36.0,330,0.7,0.0,---,---,---,---,---,---,---,---,---,---,32.77287690,130.74820290
1,2317.9,0.0,00:17:47.9,00:52:04.9,0.16,00:00:00.0,0.00,9.5,331,0.2,0.0,---,---,---,---,---,---,---,---,---,---,32.77287720,130.74820100
1,2318.8,0.0,00:18:03.2,00:52:04.9,0.16,00:00:00.0,0.00,8.0,332,0.9,0.0,---,---,---,---,---,---,---,---,---,---,32.77285220,130.74824230
1,2319.4,0.0,00:18:12.6,00:52:04.9,0.16,00:00:00.0,0.00,34.5,333,0.6,0.0,---,---,---,---,---,---,---,---,---,---,32.77286960,130.74822800
1,2319.8,0.0,00:18:13.8,01:23:20.0,0.10,00:00:00.0,0.00,10.5,334,0.3,0.0,---,---,---,---,---,---,---,---,---,---,32.77287070,130.74822500
1,2320.5,0.0,00:18:24.3,00:33:20.0,0.25,00:00:00.0,0.00,22.0,335,0.7,0.0,---,---,---,---,---,---,---,---,---,---,32.77286850,130.74820900
1,2321.7,0.0,00:18:25.7,00:18:56.3,0.44,00:00:00.0,0.00,24.5,336,1.2,0.0,---,---,---,---,---,---,---,---,---,---,32.77285980,130.74820070
1,2322.8,0.0,00:18:26.7,00:09:09.4,0.91,00:00:00.0,0.00,44.5,337,1.1,0.0,---,---,---,---,---,---,---,---,---,---,32.77285190,130.74819440
1,2333.5,0.0,00:18:36.6,00:10:17.2,0.81,00:00:00.0,0.00,28.5,338,10.7,0.0,---,---,---,---,---,---,---,---,---,---,32.77275770,130.74813050
1,2335.1,0.0,00:18:38.1,00:12:26.2,0.67,00:00:00.0,0.00,33.0,339,1.6,0.0,---,---,---,---,---,---,---,---,---,---,32.77274330,130.74813350
1,2337.2,0.0,00:18:40.1,00:09:28.1,0.88,00:00:00.0,0.00,31.5,340,2.0,0.0,---,---,---,---,---,---,---,---,---,---,32.77272600,130.74814060
1,2339.2,0.0,00:18:41.7,00:08:10.1,1.02,00:00:00.0,0.00,37.5,341,2.0,0.0,---,---,---,---,---,---,---,---,---,---,32.77270970,130.74814980
